ciudad,ciudad_nombre,dia,lecturas,horas_sobre_umbral,pct_sobre_umbral,pm2_5_prom,pm2_5_max,pm10_prom,pm10_max,nitrogen_dioxide_prom,nitrogen_dioxide_max
mendoza,Mendoza,2026-09-27,24,0,0.0,4.28,11.1,4.4,11.4,3.25,7.0
mendoza,Mendoza,2026-09-28,24,0,0.0,6.82,10.2,7.39,11.4,3.07,4.9
mendoza,Mendoza,2026-09-29,24,0,0.0,9.15,20.1,10.18,21.0,8.89,42.1
mendoza,Mendoza,2026-09-30,24,0,0.0,8.7,23.0,10.12,23.9,12.58,44.4
mendoza,Mendoza,2026-10-01,24,0,0.0,5.08,9.6,6.47,11.5,7.91,41.1
mendoza,Mendoza,2026-10-02,24,0,0.0,5.95,10.9,7.4,13.6,18.95,43.7
mendoza,Mendoza,2026-10-03,24,0,0.0,4.45,9.1,5.52,10.5,4.8,20.2
puerto_montt,Puerto Montt,2026-09-27,24,0,0.0,2.15,5.4,2.9,7.8,1.2,3.0
puerto_montt,Puerto Montt,2026-09-28,24,0,0.0,3.21,5.0,4.48,6.9,1.82,3.2
puerto_montt,Puerto Montt,2026-09-29,24,0,0.0,3.58,10.7,4.79,13.0,3.33,13.6
puerto_montt,Puerto Montt,2026-09-30,24,0,0.0,3.72,11.7,4.55,13.9,3.52,13.3
puerto_montt,Puerto Montt,2026-10-01,24,0,0.0,4.15,6.6,5.49,8.9,2.06,4.4
puerto_montt,Puerto Montt,2026-10-02,24,0,0.0,2.71,4.9,3.69,6.4,1.37,2.0
puerto_montt,Puerto Montt,2026-10-03,24,0,0.0,2.58,4.6,4.07,7.3,0.93,2.0
santiago,Santiago,2026-09-27,24,15,62.5,30.77,44.8,32.4,45.8,21.12,38.0
santiago,Santiago,2026-09-28,24,12,50.0,23.55,35.9,26.94,39.2,26.18,41.9
santiago,Santiago,2026-09-29,24,12,50.0,25.42,39.1,27.33,44.2,34.5,51.6
santiago,Santiago,2026-09-30,24,24,100.0,40.87,62.2,45.14,66.1,51.73,90.1
santiago,Santiago,2026-10-01,24,24,100.0,44.7,68.7,47.04,70.1,55.17,103.4
santiago,Santiago,2026-10-02,24,15,62.5,37.55,68.7,38.79,70.1,47.67,92.4
santiago,Santiago,2026-10-03,24,5,20.83,21.25,31.7,24.8,35.7,23.18,38.0
valparaiso,Valparaíso,2026-09-27,24,0,0.0,8.12,16.1,9.5,17.1,3.35,9.8
valparaiso,Valparaíso,2026-09-28,24,0,0.0,10.18,14.0,12.75,16.5,6.11,11.4
valparaiso,Valparaíso,2026-09-29,24,0,0.0,9.78,15.2,12.34,20.2,7.1,16.6
valparaiso,Valparaíso,2026-09-30,24,0,0.0,8.1,13.3,9.5,14.6,10.6,20.9
valparaiso,Valparaíso,2026-10-01,24,4,16.67,18.6,34.0,21.63,35.0,11.43,24.8
valparaiso,Valparaíso,2026-10-02,24,0,0.0,11.19,20.6,13.64,22.4,7.84,17.3
valparaiso,Valparaíso,2026-10-03,24,0,0.0,10.2,12.2,14.3,18.4,6.35,15.3
